순위,시/군/구,관광지명,도로명주소,중분류 카테고리,소분류 카테고리,검색건수
1,목포시,목포역,전남 목포시 영산로 98-0,기타관광,교통시설,137248
2,담양군,죽녹원,전남 담양군 죽녹원로 119-0,자연관광,자연공원,135926
3,순천시,순천역,전남 순천시 팔마로 135-0,기타관광,교통시설,117550
4,여수시,오동도,전남 여수시 오동도로 222-0,자연관광,자연경관(하천/해양),116274
5,순천시,순천만국가정원,전남 순천시 국가정원1호길 47-0,기타관광,기타관광,112044
6,여수시,여수해상케이블카놀아정류장,전남 여수시 돌산로 3600-1,기타관광,기타관광,106753
7,여수시,향일암,전남 여수시 향일암로 1-0,역사관광,종교성지,99254
8,완도군,완도항여객선터미널,전남 완도군 장보고대로 339-0,기타관광,교통시설,93616
9,여수시,아쿠아플라넷여수,전남 여수시 오동도로 61-11,문화관광,테마공원,91763
10,여수시,여수공항,전남 여수시 여순로 386-0,기타관광,교통시설,85437
11,광양시,LF스퀘어광양점,전남 광양시 순광로 466-0,쇼핑,쇼핑몰,83926
12,목포시,목포해상케이블카북항승강장,전남 목포시 해양대학로 240-0,기타관광,기타관광,82133
13,여수시,여수엑스포역,전남 여수시 망양로 2-0,기타관광,교통시설,79212
14,목포시,목포종합버스터미널,전남 목포시 영산로 525-0,기타관광,교통시설,73128
15,여수시,여수예술랜드,전남 여수시 무술목길 142-1,레저스포츠,기타레저스포츠,71814
16,구례군,화엄사,전남 구례군 화엄사로 539-0,역사관광,종교성지,65416
17,목포시,목포연안여객선터미널,전남 목포시 해안로 182-0,기타관광,교통시설,64013
18,영광군,호남해안로드4코스영광백수해안도로,전남 영광군,기타관광,데이트코스,60876
19,나주시,나주역,전남 나주시 나주역길 56-0,기타관광,교통시설,59555
20,순천시,순천만습지,전남 순천시 순천만길 513-25,기타관광,기타관광,59291
21,고흥군,녹동항,전남 고흥군 비봉로 159-0,자연관광,자연경관(하천/해양),55059
22,여수시,만성리검은모래해변,전남 여수시,자연관광,자연경관(하천/해양),53487
23,담양군,메타프로방스,전남 담양군 메타프로방스1길 17-0,문화관광,복합관광시설,51633
24,여수시,아르떼뮤지엄여수,전남 여수시 박람회길 1-0,문화관광,전시시설,51457
25,곡성군,섬진강기차마을,전남 곡성군 기차마을로 232-0,기타관광,기타관광,51038
26,무안군,롯데아울렛남악점,전남 무안군 남악로162번길 80-0,쇼핑,쇼핑몰,49032
27,장성군,백양사,전남 장성군 백양로 1239-0,역사관광,종교성지,48773
28,순천시,낙안읍성민속마을,전남 순천시 충민길 30-0,역사관광,역사유적지,45660
29,여수시,유월드루지테마파크,전남 여수시 안심산길 155-0,문화관광,테마공원,43008
30,보성군,율포해수욕장,전남 보성군 우암길 24-0,자연관광,자연경관(하천/해양),42473
31,순천시,순천종합버스터미널,전남 순천시 장천3길 13-0,기타관광,교통시설,41522
32,담양군,메타세쿼이아가로수길,전남 담양군,기타관광,기타관광,40303
33,영광군,영광종합버스터미널,전남 영광군 신남로 180-0,기타관광,교통시설,36470
34,여수시,돌산공원,전남 여수시,문화관광,도시공원,36390
35,순천시,선암사,전남 순천시 선암사길 450-0,역사관광,종교성지,35865
36,목포시,목포항국제여객터미널,전남 목포시 해안로148번길 14-0,기타관광,교통시설,35159
37,진도군,진도항,전남 진도군 진도항길 101-0,자연관광,자연경관(하천/해양),35157
38,함평군,돌머리해변,전남 함평군,자연관광,자연경관(하천/해양),34699
39,담양군,담양관방제림,전남 담양군,역사관광,역사유적지,34287
40,여수시,여수수산물특화시장,전남 여수시 남산로 60-31,쇼핑,시장,32895
41,고흥군,녹동신항연안여객선터미널,전남 고흥군 비봉로 266-16,기타관광,교통시설,32656
42,무안군,무안CC,전남 무안군,레저스포츠,육상레저스포츠,31004
43,보성군,보성녹차밭,전남 보성군,기타관광,기타관광,30906
44,여수시,여수수산시장,전남 여수시 여객선터미널길 24-0,쇼핑,시장,29825
45,순천시,NC백화점순천점,전남 순천시 비봉2길 22-0,쇼핑,백화점,29803
46,순천시,송광사,전남 순천시 송광사안길 100-0,역사관광,종교성지,28996
47,장성군,푸른솔GC,전남 장성군 임정로 155-0,레저스포츠,육상레저스포츠,28739
48,장성군,장성역,전남 장성군 역전로 87-0,기타관광,교통시설,27584
49,영광군,불갑사,전남 영광군 불갑사로 450-0,역사관광,종교성지,27209
50,영암군,사우스링스영암CC짐앵,전남 영암군 에프원로 121-1,레저스포츠,육상레저스포츠,27201
51,목포시,목포북항,전남 목포시,자연관광,자연경관(하천/해양),27087
52,완도군,신지명사십리해수욕장,전남 완도군 명사십리길 85-105,자연관광,자연경관(하천/해양),26331
53,순천시,와온해변,전남 순천시,자연관광,자연경관(하천/해양),25816
54,구례군,노고단,전남 구례군,자연관광,자연경관(산),25636
55,해남군,대흥사,전남 해남군 대흥사길 400-0,역사관광,종교성지,25634
56,나주시,해피니스CC,전남 나주시 다도로 171-60,레저스포츠,육상레저스포츠,25258
57,나주시,골드레이크CC,전남 나주시 나주호로 442-129,레저스포츠,육상레저스포츠,24795
58,구례군,사성암,전남 구례군 사성암길 303-0,역사관광,종교성지,24654
59,보성군,벌교역,전남 보성군 채동선로 228-0,기타관광,교통시설,23877
60,해남군,해남종합버스터미널,전남 해남군 해남로 8-0,기타관광,교통시설,23789
61,담양군,메타세콰이어길,전남 담양군,기타관광,데이트코스,23669
62,여수시,신기항여객터미널,전남 여수시 신기길 90-0,기타관광,교통시설,22978
63,순천시,조례호수공원,전남 순천시,문화관광,도시공원,22939
64,진도군,운림산방,전남 진도군 운림산방로 315-0,역사관광,역사유적지,22875
65,순천시,CGV순천신대,전남 순천시 해광로 199-0,문화관광,공연시설,22551
66,영암군,아크로CC,전남 영암군 안적동길 403-0,레저스포츠,육상레저스포츠,22482
67,장흥군,정남진장흥토요시장,전남 장흥군 토요시장1길 53-0,쇼핑,시장,22445
68,여수시,여수종합버스터미널,전남 여수시 좌수영로 268-0,기타관광,교통시설,22422
69,광양시,중마버스터미널,전남 광양시 공영로 91-0,기타관광,교통시설,22330
70,여수시,여수구항방파제등대,전남 여수시,문화관광,랜드마크관광,22262
71,장흥군,JNJ골프리조트,전남 장흥군 제산기동로 326-0,레저스포츠,육상레저스포츠,22213
72,순천시,구례구역,전남 순천시 섬진강로 217-0,기타관광,교통시설,21751
73,여수시,여수연안여객선터미널,전남 여수시 여객선터미널길 17-0,기타관광,교통시설,21522
74,구례군,천은사,전남 구례군 노고단로 209-0,역사관광,종교성지,21303
75,담양군,소쇄원,전남 담양군 소쇄원길 17-0,역사관광,역사유적지,20655
76,화순군,무등산CC,전남 화순군 오성로 292-90,레저스포츠,육상레저스포츠,20647
77,강진군,마량항,전남 강진군 미항로 169-0,자연관광,자연경관(하천/해양),20644
78,순천시,골프존카운티순천,전남 순천시 행정1길 77-0,레저스포츠,육상레저스포츠,20432
79,해남군,땅끝전망대,전남 해남군 땅끝마을길 100-0,문화관광,랜드마크관광,20327
80,해남군,파인비치골프링크스,전남 해남군 시아로 224-0,레저스포츠,육상레저스포츠,19992
81,여수시,여천역,전남 여수시 시청로 200-0,기타관광,교통시설,19680
82,무안군,무안시외버스터미널,전남 무안군 무안로 497-1,기타관광,교통시설,19360
83,강진군,강진버스여객터미널,전남 강진군 영랑로 35-0,기타관광,교통시설,19109
84,강진군,다산베아채CC,전남 강진군 학장용산길 101-0,레저스포츠,육상레저스포츠,18897
85,신안군,퍼플교,전남 신안군,기타관광,기타관광,18867
86,무안군,톱머리해변,전남 무안군,자연관광,자연경관(하천/해양),18815
87,순천시,순천아랫장,전남 순천시 장평로 60-0,쇼핑,시장,18591
88,함평군,함평엘리체CC,전남 함평군 서당매길 242-0,레저스포츠,육상레저스포츠,18551
89,무안군,무안국제공항,전남 무안군 공항로 970-260,기타관광,교통시설,18496
90,목포시,동부시장,전남 목포시,쇼핑,시장,18441
91,구례군,쌍산재,전남 구례군 장수길 3-2,역사관광,역사유적지,18405
92,고흥군,나로우주센터우주과학관,전남 고흥군 하반로 490-0,문화관광,전시시설,18173
93,완도군,당목항,전남 완도군 당목길 0-0,기타관광,교통시설,17958
94,무안군,무안회산백련지,전남 무안군 백련로 333-0,자연관광,자연경관(하천/해양),17841
95,신안군,암태남강선착장,전남 신안군 중부로 1502-80,기타관광,교통시설,17821
96,여수시,국동항,전남 여수시,자연관광,자연경관(하천/해양),17789
97,목포시,유달산공원,전남 목포시 유달로 180-0,문화관광,도시공원,17559
98,해남군,땅끝선착장,전남 해남군 땅끝마을길 70-14,기타관광,교통시설,17452
99,목포시,목포종합수산시장,전남 목포시 해안로267번길 6-0,쇼핑,시장,16866
100,목포시,목포스카이워크,전남 목포시 해양대학로 59-0,기타관광,기타관광,16732
101,화순군,화순CC,전남 화순군 천태로 1000-151,레저스포츠,육상레저스포츠,16583
102,목포시,갓바위,전남 목포시,기타관광,기타관광,16415
103,고흥군,고흥우주발사전망대,전남 고흥군 해맞이로 840-0,문화관광,랜드마크관광,16396
104,순천시,파인힐스CC,전남 순천시 송광사길 99-0,레저스포츠,육상레저스포츠,16349
105,여수시,진남관공사중(2023년12월완공예정),전남 여수시 동문로 11-0,역사관광,역사유적지,16235
106,순천시,순천오픈세트장,전남 순천시 비례골길 24-0,기타관광,기타관광,16228
107,해남군,솔라시도CC,전남 해남군,레저스포츠,육상레저스포츠,16198
108,목포시,목포항,전남 목포시,자연관광,자연경관(하천/해양),15929
109,목포시,청호시장,전남 목포시 석현로 28-0,쇼핑,시장,15631
110,목포시,목포근대역사관1관,전남 목포시 영산로29번길 6-0,문화관광,전시시설,15621
111,여수시,여수엑스포여객선터미널,전남 여수시 엑스포대로 320-66,기타관광,교통시설,15557
112,장성군,황룡강생태공원,전남 장성군,문화관광,도시공원,15317
113,여수시,여수해상케이블카해야정류장,전남 여수시 자산4길 39-0,기타관광,기타관광,15159
114,여수시,웅천친수공원,전남 여수시 예울마루로 37-40,문화관광,도시공원,15019
115,목포시,목포해상케이블카고하도승강장,전남 목포시 고하도안길 186-0,기타관광,기타관광,14976
116,나주시,영산포공용터미널,전남 나주시 예향로 3803-0,기타관광,교통시설,14972
117,담양군,담양레이나CC,전남 담양군 깊은실길 169-0,레저스포츠,육상레저스포츠,14863
118,영광군,웨스트오션컨트리클럽,전남 영광군 해안로 1362-70,레저스포츠,육상레저스포츠,14860
119,화순군,엘리체컨트리클럽,전남 화순군 장곡길 55-0,레저스포츠,육상레저스포츠,14769
120,곡성군,광주CC,전남 곡성군 입면로 455-0,레저스포츠,육상레저스포츠,14644
121,보성군,윤제림,전남 보성군 주월산길 222-0,기타관광,기타관광,14115
122,여수시,무슬목해변,전남 여수시,자연관광,자연경관(하천/해양),13932
123,담양군,추월산,전남 담양군,자연관광,자연경관(산),13888
124,여수시,여수해양공원,전남 여수시,문화관광,도시공원,13757
125,여수시,녹테마레,전남 여수시 만성로 294-0,문화관광,전시시설,13735
126,여수시,여수세계박람회장,전남 여수시,기타관광,기타관광,13696
127,고흥군,남열해돋이해수욕장,전남 고흥군,자연관광,자연경관(하천/해양),13668
128,광양시,광양버스터미널,전남 광양시 순광로 688-0,기타관광,교통시설,13478
129,나주시,국립나주박물관,전남 나주시 고분로 747-0,문화관광,전시시설,13410
130,해남군,해남공룡박물관,전남 해남군 공룡박물관길 234-1,문화관광,전시시설,13299
131,여수시,모사금해변,전남 여수시,자연관광,자연경관(하천/해양),13262
132,나주시,빛가람전망대,전남 나주시 호수로 77-0,문화관광,랜드마크관광,13204
133,보성군,보성CC,전남 보성군 조성3길 338-0,레저스포츠,육상레저스포츠,13115
134,광양시,배알도수변공원,전남 광양시,문화관광,도시공원,13020
135,강진군,남미륵사,전남 강진군 풍동1길 24-13,역사관광,종교성지,12821
136,장흥군,정남진편백숲우드랜드,전남 장흥군 우드랜드길 180-0,문화관광,도시공원,12818
137,진도군,세방낙조전망대,전남 진도군,문화관광,랜드마크관광,12625
138,여수시,백야선착장,전남 여수시 백야해안길 0-0,기타관광,교통시설,12526
139,여수시,디오션CC,전남 여수시,레저스포츠,육상레저스포츠,12503
140,진도군,진도타워,전남 진도군 만금길 112-41,문화관광,랜드마크관광,12491
141,광양시,광양청매실농원,전남 광양시 지막1길 55-0,체험관광,농/산/어촌체험,12475
142,여수시,여수해양레일바이크,전남 여수시 망양로 187-0,레저스포츠,기타레저스포츠,12455
143,곡성군,곡성역,전남 곡성군 곡성로 920-0,기타관광,교통시설,12429
144,순천시,순천시농산물도매시장,전남 순천시 해광로 1-0,쇼핑,시장,12406
145,담양군,담양공용버스터미널,전남 담양군 중앙로 24-1,기타관광,교통시설,12207
146,해남군,미황사,전남 해남군 미황사길 164-0,역사관광,종교성지,12157
147,화순군,세량제,전남 화순군,자연관광,자연경관(하천/해양),11958
148,진도군,진도개테마파크,전남 진도군 성죽골길 37-0,기타관광,기타관광,11949
149,무안군,무안클린밸리CC,전남 무안군 태봉길 33-126,레저스포츠,육상레저스포츠,11900
150,완도군,완도타워,전남 완도군 장보고대로 330-0,문화관광,랜드마크관광,11895
151,화순군,도곡온천단지,전남 화순군 온천1길 45-0,문화관광,복합관광시설,11817
152,순천시,포라이즌,전남 순천시 오실길 333-0,레저스포츠,육상레저스포츠,11808
153,고흥군,나로도항,전남 고흥군 나로도항길 169-0,자연관광,자연경관(하천/해양),11790
154,광양시,중마시장,전남 광양시 중마중앙로 88-0,쇼핑,시장,11763
155,목포시,고하도전망대,전남 목포시 고하도안길 234-0,문화관광,랜드마크관광,11690
156,신안군,무한의다리,전남 신안군,기타관광,기타관광,11508
157,나주시,나주시외버스터미널,전남 나주시 나주로 192-0,기타관광,교통시설,11465
158,담양군,창평시장,전남 담양군 사동길 14-24,쇼핑,시장,11344
159,화순군,운주사,전남 화순군 천태로 91-44,역사관광,종교성지,11242
160,신안군,백길해변,전남 신안군 자은서부1길 163-119,자연관광,자연경관(하천/해양),11203
161,영광군,설도항,전남 영광군 향화로5길 0-0,자연관광,자연경관(하천/해양),11197
162,구례군,구례5일장,전남 구례군 5일시장작은길 20-0,쇼핑,시장,11151
163,구례군,섬진강대나무숲길,전남 구례군,기타관광,기타관광,10881
163,영광군,가마미해수욕장,전남 영광군,자연관광,자연경관(하천/해양),10881
165,여수시,세이지우드여수경도CC,전남 여수시 대경도길 111-0,레저스포츠,육상레저스포츠,10814
166,영암군,왕인박사유적지,전남 영암군 왕인로 440-0,역사관광,역사유적지,10633
167,여수시,낭도항,전남 여수시,자연관광,자연경관(하천/해양),10492
168,고흥군,고흥공용시외버스터미널,전남 고흥군 여산당촌길 19-0,기타관광,교통시설,10412
169,목포시,목포자연사박물관,전남 목포시 남농로 135-0,문화관광,전시시설,10325
170,진도군,서망항,전남 진도군 서망항길 70-15,자연관광,자연경관(하천/해양),10283
171,순천시,순천만습지갈대군락지,전남 순천시,기타관광,기타관광,10137
172,여수시,천사벽화마을,전남 여수시,기타관광,기타관광,10072
173,여수시,여수시티파크리조트CC,전남 여수시 좌수영로 641-0,레저스포츠,육상레저스포츠,10036
174,완도군,완도공용버스터미널,전남 완도군 개포로130번길 20-0,기타관광,교통시설,9957
175,나주시,드들강솔밭유원지,전남 나주시,문화관광,복합관광시설,9907
176,순천시,순천부영CC,전남 순천시,레저스포츠,육상레저스포츠,9877
177,신안군,대광해변,전남 신안군,자연관광,자연경관(하천/해양),9824
178,장성군,옐로우출렁다리,전남 장성군,기타관광,기타관광,9699
179,여수시,서시장,전남 여수시 좌수영로 16-6,쇼핑,시장,9648
180,구례군,구례자연드림파크,전남 구례군 용산로 107-66,문화관광,복합관광시설,9594
181,나주시,CGV나주,전남 나주시 상야4길 16-16,문화관광,공연시설,9362
182,순천시,순천만국제습지센터,전남 순천시 국가정원1호길 47-0,기타관광,기타관광,9286
183,해남군,우수영국민관광지,전남 해남군,문화관광,복합관광시설,9265
184,영광군,영광칠산타워,전남 영광군 향화로 2-10,문화관광,랜드마크관광,9234
185,순천시,웃장,전남 순천시 북문길 40-0,쇼핑,시장,9197
186,목포시,CGV목포평화광장,전남 목포시 원형동로 53-0,문화관광,공연시설,9149
187,영암군,월출산기찬랜드,전남 영암군 기찬랜드로 19-3,문화관광,테마공원,9125
188,완도군,화흥포여객선터미널,전남 완도군 화흥포길 242-0,기타관광,교통시설,9078
189,함평군,함평시외버스터미널,전남 함평군 중앙길 46-0,기타관광,교통시설,9044
190,여수시,방죽포해변,전남 여수시,자연관광,자연경관(하천/해양),8998
191,구례군,구례공영버스터미널,전남 구례군 중앙로 8-0,기타관광,교통시설,8980
192,영광군,한빛원자력발전소홍보관,전남 영광군 홍농로 846-0,문화관광,전시시설,8926
193,순천시,모다아울렛순천점,전남 순천시 상성길 70-0,쇼핑,쇼핑몰,8924
194,신안군,천사섬분재공원,전남 신안군 무지개길 330-0,문화관광,테마공원,8913
195,담양군,담양곤충박물관,전남 담양군 담양88로 428-0,문화관광,전시시설,8894
196,화순군,동구리호수공원,전남 화순군,문화관광,도시공원,8822
197,목포시,자유시장,전남 목포시 자유로 122-0,쇼핑,시장,8761
198,진도군,진도신비의바닷길,전남 진도군,문화관광,테마공원,8691
199,보성군,제암산자연휴양림,전남 보성군 대산길 330-0,자연관광,자연공원,8587
200,신안군,임자도,전남 신안군,자연관광,자연경관(하천/해양),8520
201,여수시,롯데몰여수점,전남 여수시 국포1로 36-0,쇼핑,쇼핑몰,8507
202,영암군,독천터미널,전남 영암군 영산로 6-0,기타관광,교통시설,8495
203,고흥군,녹동신항,전남 고흥군 비봉로 266-16,자연관광,자연경관(하천/해양),8458
204,강진군,강진만생태공원,전남 강진군 생태공원길 47-0,문화관광,도시공원,8441
205,여수시,소호동동다리,전남 여수시,기타관광,기타관광,8434
206,광양시,몰오브광양,전남 광양시 금호로 26-0,쇼핑,쇼핑몰,8423
207,함평군,함평엑스포공원,전남 함평군 곤재로 27-0,문화관광,도시공원,8355
208,곡성군,압록유원지,전남 곡성군,문화관광,복합관광시설,8351
209,장성군,백양우리CC,전남 장성군 봉암로 1574-0,레저스포츠,육상레저스포츠,8228
210,장흥군,장흥시외버스터미널,전남 장흥군 중앙로1길 8-0,기타관광,교통시설,8218
211,광양시,광양항컨테이너부두,전남 광양시,자연관광,자연경관(하천/해양),8212
212,보성군,벌교시장,전남 보성군 시장2길 10-35,쇼핑,시장,8174
213,무안군,조금나루해변,전남 무안군,자연관광,자연경관(하천/해양),8139
214,강진군,다산초당,전남 강진군 다산초당길 68-35,역사관광,역사유적지,8132
215,해남군,송호해수욕장,전남 해남군,자연관광,자연경관(하천/해양),8119
216,여수시,장도,전남 여수시,자연관광,자연경관(하천/해양),8064
217,목포시,유달산,전남 목포시,자연관광,자연경관(산),8042
218,해남군,땅끝국민관광지,전남 해남군 땅끝마을길 42-0,문화관광,복합관광시설,8029
219,진도군,진도종합버스터미널,전남 진도군 남문길 5-0,기타관광,교통시설,8014
220,화순군,조아밸리CC,전남 화순군 고인돌2로 450-0,레저스포츠,육상레저스포츠,7976
221,무안군,무안황토갯벌랜드,전남 무안군 황토갯벌길 88-0,문화관광,복합관광시설,7829
222,보성군,대한다업보성다원제1농장,전남 보성군 녹차로 763-43,체험관광,농/산/어촌체험,7826
223,보성군,보성역,전남 보성군 현충로 90-0,기타관광,교통시설,7793
224,신안군,송공리선착장,전남 신안군 압해로 1852-14,기타관광,교통시설,7777
225,여수시,GS칼텍스예울마루,전남 여수시 예울마루로 100-0,문화관광,공연시설,7761
226,보성군,벌교공용버스터미널,전남 보성군 조정래길 2-8,기타관광,교통시설,7750
227,담양군,죽향CC,전남 담양군 창평로 159-0,레저스포츠,육상레저스포츠,7686
228,완도군,완도수목원,전남 완도군 초평1길 156-0,자연관광,자연공원,7667
229,담양군,담양온천,전남 담양군 금성산성길 202-0,체험관광,웰니스관광,7592
230,광양시,전남도립미술관,전남 광양시 순광로 680-4,문화관광,전시시설,7572
231,보성군,보성비봉공룡공원,전남 보성군 공룡로 822-51,문화관광,도시공원,7563
232,여수시,오동도유람선터미널,전남 여수시,기타관광,교통시설,7483
233,구례군,지리산온천랜드본관 휴업중,전남 구례군 지리산온천로 261-0,체험관광,웰니스관광,7455
234,완도군,완도항,전남 완도군,자연관광,자연경관(하천/해양),7440
235,강진군,가우도,전남 강진군,자연관광,자연경관(하천/해양),7428
236,영광군,에콜리안영광CC,전남 영광군 월현로1길 40-0,레저스포츠,육상레저스포츠,7421
237,광양시,백운산자연휴양림,전남 광양시 백계로 337-0,자연관광,자연공원,7412
238,장흥군,정남진전망대,전남 장흥군 정남진해안로 242-58,문화관광,랜드마크관광,7362
239,나주시,빛가람호수공원,전남 나주시,문화관광,도시공원,7282
240,영암군,영암여객자동차터미널,전남 영암군 동문로 8-0,기타관광,교통시설,7262
241,여수시,대경도대합실,전남 여수시 어항단지로 124-0,자연관광,자연경관(하천/해양),7253
242,영암군,삼호버스종합터미널,전남 영암군 삼호중앙로 242-0,기타관광,교통시설,7250
243,함평군,함평천지CC,전남 함평군 함장로 889-11,레저스포츠,육상레저스포츠,7231
244,진도군,명량해상케이블카진도타워상부승강장,전남 진도군 만금길 112-41,기타관광,기타관광,7188
245,순천시,메가박스순천,전남 순천시 충효로 15-0,문화관광,공연시설,7033
246,담양군,창평CC,전남 담양군 오산길 100-0,레저스포츠,육상레저스포츠,6948
247,장성군,장미공원,전남 장성군,문화관광,도시공원,6930
248,무안군,홀통해변,전남 무안군,자연관광,자연경관(하천/해양),6898
249,강진군,청자다리,전남 강진군,기타관광,기타관광,6850
250,화순군,금호화순아쿠아나,전남 화순군 옥리길 14-7,체험관광,웰니스관광,6842
251,구례군,섬진강벚꽃길,전남 구례군,기타관광,기타관광,6837
252,해남군,두륜산케이블카,전남 해남군 대흥사길 88-45,기타관광,기타관광,6826
253,여수시,백야도,전남 여수시,자연관광,자연경관(하천/해양),6820
254,순천시,순천만잡월드,전남 순천시,기타관광,기타관광,6812
255,장성군,백양사역,전남 장성군 백양로 2-14,기타관광,교통시설,6803
256,목포시,연희네슈퍼,전남 목포시 해안로127번길 14-2,문화관광,기타문화관광지,6707
257,완도군,화흥포항,전남 완도군 화흥포길 243-0,자연관광,자연경관(하천/해양),6658
258,여수시,소호요트경기장,전남 여수시 소호로 392-0,레저스포츠,수상레저스포츠,6643
259,해남군,도솔암,전남 해남군 마봉송종길 355-300,역사관광,종교성지,6599
260,화순군,만연사,전남 화순군 진각로 367-0,역사관광,종교성지,6582
261,여수시,교동시장,전남 여수시 교동시장1길 0-0,쇼핑,시장,6554
262,목포시,김대중노벨평화상기념관,전남 목포시 삼학로92번길 68-0,문화관광,전시시설,6502
263,신안군,천사대교관광안내소,전남 신안군,기타관광,기타관광,6439
264,화순군,테마파크소풍,전남 화순군 지석로 1202-7,문화관광,테마공원,6418
265,목포시,목포국제축구센터,전남 목포시 내화마을길 89-0,문화관광,레저스포츠시설,6407
266,광양시,광양와인동굴,전남 광양시 강정길 33-0,자연관광,자연생태,6403
267,완도군,완도항3부두,전남 완도군,자연관광,자연경관(하천/해양),6373
268,해남군,4est수목원,전남 해남군,문화관광,테마공원,6341
269,고흥군,고흥전통시장,전남 고흥군 시장길 20-0,쇼핑,시장,6340
270,보성군,대원사,전남 보성군 죽산길 506-8,역사관광,종교성지,6248
271,영암군,사우스링스영암CC카일필립스,전남 영암군 에프원로 121-2,레저스포츠,육상레저스포츠,6222
272,여수시,해양수산과학관,전남 여수시 돌산로 2876-0,문화관광,전시시설,6167
273,진도군,진도수산시장,전남 진도군 남동1길 40-12,쇼핑,시장,6122
274,나주시,나주힐스CC,전남 나주시 신지로 806-0,레저스포츠,육상레저스포츠,6079
275,여수시,국동항수변공원,전남 여수시,문화관광,도시공원,6051
276,완도군,완도청해포구촬영장,전남 완도군 청해진서로 1161-8,기타관광,기타관광,6035
277,진도군,국립진도자연휴양림,전남 진도군 동령개길 1-92,자연관광,자연공원,6033
278,영광군,백바위해수욕장,전남 영광군,자연관광,자연경관(하천/해양),6011
279,여수시,라마다여수해상짚트랙,전남 여수시 강남로 11-0,레저스포츠,기타레저스포츠,5998
280,장성군,방장산자연휴양림,전남 장성군 방장로 353-0,자연관광,자연공원,5995
281,장성군,남창계곡,전남 장성군,자연관광,자연경관(산),5945
282,나주시,나주CC,전남 나주시 상방신포길 160-27,레저스포츠,육상레저스포츠,5939
283,곡성군,옥과기안CC,전남 곡성군,레저스포츠,육상레저스포츠,5931
284,목포시,목포어린이바다과학관,전남 목포시 삼학로92번길 98-0,문화관광,전시시설,5918
285,영암군,도갑사,전남 영암군 도갑사로 306-0,역사관광,종교성지,5895
286,여수시,메가박스여수웅천,전남 여수시 신월로 96-0,문화관광,공연시설,5885
287,보성군,대한다원,전남 보성군 녹차로 763-67,문화관광,복합관광시설,5843
288,함평군,자연생태공원,전남 함평군 학동로 1398-77,문화관광,도시공원,5829
289,목포시,목포신항만,전남 목포시 신항로294번길 45-0,자연관광,자연경관(하천/해양),5787
290,고흥군,나로도연안여객선터미널,전남 고흥군 나로도항길 120-7,기타관광,교통시설,5758
291,강진군,백련사,전남 강진군 백련사길 145-0,역사관광,종교성지,5743
292,구례군,섬진강어류생태관,전남 구례군 간전중앙로 47-0,문화관광,전시시설,5738
293,장흥군,수문해수욕장,전남 장흥군,자연관광,자연경관(하천/해양),5659
294,화순군,무등산양떼목장,전남 화순군 안양산로 537-0,기타관광,기타관광,5646
295,영광군,백제불교최초도래지,전남 영광군 백제문화로 203-0,역사관광,역사유적지,5596
296,곡성군,곡성기차마을전통시장,전남 곡성군 곡성로 856-0,쇼핑,시장,5545
297,영광군,백암해안전망대,전남 영광군,문화관광,랜드마크관광,5542
298,여수시,여수중앙시장,전남 여수시 중앙로 43-0,쇼핑,시장,5534
299,광양시,구봉산전망대,전남 광양시 구봉산전망대길 155-0,문화관광,랜드마크관광,5498
300,광양시,망덕포구,전남 광양시 망덕길 171-0,자연관광,자연경관(하천/해양),5468
301,신안군,박지도,전남 신안군,자연관광,자연경관(하천/해양),5448
302,나주시,농협나주축산물공판장,전남 나주시 혁신산단2길 13-0,쇼핑,시장,5368
303,진도군,가계해변,전남 진도군 신비의바닷길 0-0,자연관광,자연경관(하천/해양),5323
304,무안군,무안연꽃축제,전남 무안군 백련로 333-0,문화관광,기타문화관광지,5294
305,장성군,장성호,전남 장성군,자연관광,자연경관(하천/해양),5288
306,목포시,CGV목포,전남 목포시 교육로 63-0,문화관광,공연시설,5270
307,여수시,여천시외버스정류장,전남 여수시 무선로 200-0,기타관광,교통시설,5262
307,나주시,느러지전망관람대,전남 나주시,문화관광,랜드마크관광,5262
309,장성군,상무대컨트리클럽,전남 장성군,레저스포츠,육상레저스포츠,5174
310,신안군,분계해변,전남 신안군,자연관광,자연경관(하천/해양),5152
311,목포시,장미의거리,전남 목포시 장미로 40-0,기타관광,기타관광,5107
312,영광군,향화도선착장,전남 영광군 향화로 2-7,기타관광,교통시설,5105
313,장성군,홍길동테마파크,전남 장성군 홍길동로 431-0,문화관광,복합관광시설,5081
314,순천시,순천CC,전남 순천시 동화사길 85-0,레저스포츠,육상레저스포츠,5066
315,목포시,갓바위공원,전남 목포시,문화관광,도시공원,5033
316,나주시,나주목사고을시장,전남 나주시 청동길 14-0,쇼핑,시장,5028
317,강진군,무위사,전남 강진군 무위사로 308-0,역사관광,종교성지,5020
318,강진군,가우도출렁다리,전남 강진군,기타관광,기타관광,4983
319,화순군,화순역,전남 화순군 오성로 488-5,기타관광,교통시설,4938
320,목포시,삼학도공원,전남 목포시,문화관광,도시공원,4905
321,완도군,정도리구계등,전남 완도군,기타관광,기타관광,4891
322,여수시,여수세계박람회장스카이타워,전남 여수시 엑스포대로 0-0,문화관광,랜드마크관광,4848
323,여수시,흥국사,전남 여수시 흥국사길 160-0,역사관광,종교성지,4843
324,여수시,CGV여수웅천,전남 여수시 웅천로 19-35,문화관광,공연시설,4780
325,순천시,역전시장,전남 순천시 역전장길 9-0,쇼핑,시장,4773
326,담양군,담양추억의골목,전남 담양군 금성산성길 282-6,문화관광,전시시설,4768
327,담양군,한재골계곡,전남 담양군,자연관광,자연경관(산),4739
328,장성군,장성공용버스터미널,전남 장성군 영천로 125-0,기타관광,교통시설,4717
329,구례군,피아골,전남 구례군,자연관광,자연경관(산),4688
330,목포시,서산동시화골목,전남 목포시,기타관광,기타관광,4646
331,고흥군,팔영산편백치유의숲,전남 고흥군,자연관광,자연공원,4644
332,여수시,중흥부두,전남 여수시,자연관광,자연경관(하천/해양),4640
333,광양시,광양항,전남 광양시,자연관광,자연경관(하천/해양),4631
334,해남군,땅끝모노레일,전남 해남군 땅끝마을길 60-28,문화관광,랜드마크관광,4629
335,진도군,쉬미항,전남 진도군 서부해안로 0-0,자연관광,자연경관(하천/해양),4627
335,함평군,용천사,전남 함평군 용천사길 209-0,역사관광,종교성지,4627
337,강진군,백운동정원,전남 강진군 월하안운길 100-63,문화관광,도시공원,4611
338,고흥군,소록도,전남 고흥군,자연관광,자연경관(하천/해양),4607
339,완도군,완도금일수협수산시장,전남 완도군 해변공원로124번길 26-0,쇼핑,시장,4597
340,영광군,법성포구,전남 영광군,자연관광,자연경관(하천/해양),4584
341,함평군,함평역,전남 함평군 영산로 3530-0,기타관광,교통시설,4549
342,순천시,CGV순천,전남 순천시 장명로 22-0,문화관광,공연시설,4517
343,무안군,무안낙지공원,전남 무안군 조금나루길 128-115,문화관광,도시공원,4509
344,화순군,수만리생태숲공원,전남 화순군 안양산로 294-0,문화관광,도시공원,4506
345,강진군,주작산자연휴양림,전남 강진군 주작산길 398-0,자연관광,자연공원,4499
346,진도군,진도경찰수련원,전남 진도군 가계길 73-0,레저스포츠,육상레저스포츠,4465
347,함평군,함평천지전통시장,전남 함평군 시장길 49-0,쇼핑,시장,4411
348,광양시,광양역,전남 광양시 해광로 800-0,기타관광,교통시설,4397
349,순천시,화포해변,전남 순천시,자연관광,자연경관(하천/해양),4391
350,여수시,장등해변,전남 여수시,자연관광,자연경관(하천/해양),4379
351,곡성군,압록상상스쿨,전남 곡성군 섬진강로 1060-0,문화관광,기타문화관광지,4367
352,여수시,디오션리조트워터파크,전남 여수시 소호로 295-0,문화관광,테마공원,4355
353,광양시,광양5일시장,전남 광양시 백운로 3-0,쇼핑,시장,4328
354,장흥군,회진항,전남 장흥군 회진선창길 0-0,자연관광,자연경관(하천/해양),4301
355,순천시,죽도봉공원,전남 순천시,문화관광,도시공원,4300
356,담양군,담양호,전남 담양군,자연관광,자연경관(하천/해양),4295
357,영암군,신북시외버스터미널,전남 영암군,기타관광,교통시설,4273
358,여수시,화태도,전남 여수시,자연관광,자연경관(하천/해양),4237
359,보성군,득량역,전남 보성군 역전길 28-0,기타관광,교통시설,4233
360,담양군,명옥헌,전남 담양군 후산길 103-0,기타관광,기타관광,4218
361,영광군,영광물무산행복숲,전남 영광군,문화관광,도시공원,4183
362,목포시,유달산조각공원,전남 목포시 유달로 180-0,문화관광,도시공원,4177
363,순천시,중앙시장,전남 순천시 중앙시장길 18-0,쇼핑,시장,4172
364,담양군,담양호국민관광단지,전남 담양군,문화관광,복합관광시설,4158
365,여수시,신덕해변,전남 여수시,자연관광,자연경관(하천/해양),4125
366,담양군,용마루길,전남 담양군,기타관광,기타관광,4119
367,해남군,울돌목스카이워크,전남 해남군,기타관광,기타관광,4083
368,영광군,홍농버스터미널,전남 영광군 상하길 28-0,기타관광,교통시설,4071
369,영암군,영암곤충박물관,전남 영암군 기찬랜드로 41-0,문화관광,전시시설,4065
370,무안군,무안전통시장,전남 무안군 승달로 11-0,쇼핑,시장,4050
371,화순군,무등산편백자연휴양림,전남 화순군 안양산로 685-0,자연관광,자연공원,4044
372,나주시,영산포풍물시장,전남 나주시 풍물시장2길 12-14,쇼핑,시장,4025
373,고흥군,녹동고속버스터미널,전남 고흥군 천마로 57-0,기타관광,교통시설,3974
374,무안군,홀통유원지,전남 무안군,문화관광,복합관광시설,3944
375,함평군,함평엑스포물놀이장,전남 함평군 곤재로 27-0,문화관광,테마공원,3931
376,목포시,목포근대역사관2관,전남 목포시 번화로 18-0,문화관광,전시시설,3924
377,순천시,와온공원,전남 순천시 와온길 128-0,문화관광,도시공원,3919
378,보성군,보성시외버스터미널,전남 보성군 현충로 20-0,기타관광,교통시설,3907
379,나주시,불회사,전남 나주시 다도로 1224-142,역사관광,종교성지,3878
380,무안군,일로역,전남 무안군,기타관광,교통시설,3849
381,영광군,영광터미널시장,전남 영광군 신남로 192-0,쇼핑,시장,3815
382,순천시,낙안읍성,전남 순천시,역사관광,역사유적지,3807
383,고흥군,대전해수욕장,전남 고흥군,자연관광,자연경관(하천/해양),3806
384,광양시,백운아트홀휴관중(2024년01월02일개관예정),전남 광양시 금호로 215-0,문화관광,공연시설,3805
385,목포시,유달유원지,전남 목포시 해양대학로 59-0,문화관광,복합관광시설,3796
386,구례군,수락폭포,전남 구례군,자연관광,자연경관(산),3790
387,무안군,남악시장,전남 무안군,쇼핑,시장,3776
387,여수시,여수장도근린공원,전남 여수시,문화관광,도시공원,3776
387,나주시,나주은행나무수목원,전남 나주시 동촌로 236-51,문화관광,테마공원,3776
390,담양군,한국대나무박물관,전남 담양군 죽향문화로 35-0,문화관광,전시시설,3755
391,함평군,문장터미널,전남 함평군 해삼로 364-4,기타관광,교통시설,3701
392,여수시,성산공원,전남 여수시,문화관광,도시공원,3700
393,화순군,화순고인돌전통시장,전남 화순군 시장길 42-0,쇼핑,시장,3698
394,목포시,국립해양문화재연구소,전남 목포시 남농로 136-0,문화관광,전시시설,3689
395,나주시,영산강둔치체육공원,전남 나주시,문화관광,도시공원,3688
396,완도군,약산당목대합실,전남 완도군 당목길 135-0,자연관광,자연경관(하천/해양),3679
397,구례군,천개의향나무숲,전남 구례군 천변길 12-0,문화관광,테마공원,3671
398,여수시,대경도선착장,전남 여수시 대경도길 6-0,기타관광,교통시설,3644
399,광양시,전남드래곤즈축구전용구장,전남 광양시 백운로 1641-0,문화관광,레저스포츠시설,3636
400,여수시,돌산항,전남 여수시 남외길 23-7,자연관광,자연경관(하천/해양),3619
401,화순군,수만리탐방지원센터,전남 화순군 중지길 200-0,기타관광,기타관광,3615
402,곡성군,도림사,전남 곡성군 도림로 175-0,역사관광,종교성지,3605
402,순천시,청춘창고,전남 순천시 역전길 34-0,문화관광,기타문화관광지,3605
404,고흥군,팔영산자연휴양림,전남 고흥군 팔영로 1347-418,자연관광,자연공원,3595
405,여수시,여수엑스포컨벤션센터,전남 여수시 박람회길 1-0,문화관광,전시시설,3580
406,여수시,여수세계박람회장해양공원,전남 여수시 박람회길 1-0,문화관광,도시공원,3577
407,순천시,낙안민속자연휴양림,전남 순천시 민속마을길 1600-0,자연관광,자연공원,3574
408,여수시,이순신공원,전남 여수시 신월로 168-0,문화관광,도시공원,3567
409,순천시,순천만달밤야시장,전남 순천시,쇼핑,시장,3517
410,신안군,암태남강항여객선터미널,전남 신안군 중부로 1502-79,기타관광,교통시설,3512
411,고흥군,익금해수욕장,전남 고흥군,자연관광,자연경관(하천/해양),3508
412,담양군,금성산성,전남 담양군,역사관광,역사유적지,3506
413,여수시,이순신마리나,전남 여수시,레저스포츠,수상레저스포츠,3495
414,나주시,금성관,전남 나주시 금성관길 8-0,역사관광,역사유적지,3475
415,강진군,강진시장,전남 강진군 시장길 19-0,쇼핑,시장,3473
416,담양군,테테루테마파크,전남 담양군 메타세쿼이아로 146-0,문화관광,테마공원,3468
417,광양시,광양CC,전남 광양시 가야로 223-0,레저스포츠,육상레저스포츠,3454
418,신안군,비금가산선착장,전남 신안군 서남문로 0-0,기타관광,교통시설,3444
419,여수시,이순신대교홍보관,전남 여수시,문화관광,기타문화관광지,3438
420,목포시,중앙시장,전남 목포시 원산중앙로 51-0,쇼핑,시장,3437
421,장성군,국립장성치유의숲,전남 장성군 추암로 716-0,자연관광,자연공원,3431
422,목포시,노적봉,전남 목포시 유달로 0-0,자연관광,자연경관(산),3425
423,해남군,갈두항,전남 해남군 땅끝마을길 0-0,자연관광,자연경관(하천/해양),3404
424,화순군,동가리숲속유원지,전남 화순군 동산1길 78-0,문화관광,복합관광시설,3395
425,담양군,담빛예술창고,전남 담양군 객사7길 75-0,문화관광,기타문화관광지,3389
426,보성군,율포해수녹차온천탕,전남 보성군 우암길 24-0,체험관광,웰니스관광,3375
427,여수시,진남종합시장,전남 여수시 학동1길 10-0,쇼핑,시장,3364
428,장흥군,정남진장흥물축제,전남 장흥군,문화관광,기타문화관광지,3356
429,여수시,아이뮤지엄,전남 여수시 박람회길 1-0,문화관광,전시시설,3354
430,구례군,운조루,전남 구례군 운조루길 59-0,역사관광,역사유적지,3352
431,나주시,한수제벚꽃길,전남 나주시,기타관광,기타관광,3349
432,고흥군,과역시외버스터미널,전남 고흥군 무궁화길 5-0,기타관광,교통시설,3348
433,여수시,낭도해변,전남 여수시,자연관광,자연경관(하천/해양),3317
434,구례군,연곡사,전남 구례군 피아골로 774-0,역사관광,종교성지,3293
435,강진군,고려청자박물관,전남 강진군 청자촌길 33-0,문화관광,전시시설,3287
436,광양시,백운쇼핑센터,전남 광양시 폭포사랑길 99-0,쇼핑,쇼핑몰,3270
437,나주시,금성산생태숲,전남 나주시 금안2길 207-161,자연관광,자연공원,3266
438,목포시,메가박스목포하당,전남 목포시 옥암로 95-0,문화관광,공연시설,3264
439,신안군,소금박물관,전남 신안군 지도증도로 1058-0,문화관광,전시시설,3250
440,신안군,압해도,전남 신안군,자연관광,자연경관(하천/해양),3243
440,보성군,조성역,전남 보성군,기타관광,교통시설,3243
440,나주시,나주영상테마파크,전남 나주시 덕음로 450-0,기타관광,기타관광,3243
443,영광군,모래미해수욕장,전남 영광군,자연관광,자연경관(하천/해양),3241
444,신안군,오도선착장,전남 신안군 박달로 0-0,기타관광,교통시설,3234
445,신안군,자은도,전남 신안군,자연관광,자연경관(하천/해양),3229
446,무안군,몽탄역,전남 무안군 몽탄로 869-0,기타관광,교통시설,3225
447,무안군,송계어촌체험마을,전남 무안군 만송로 916-0,레저스포츠,기타레저스포츠,3211
448,여수시,자산공원,전남 여수시,문화관광,도시공원,3151
449,목포시,구청호시장,전남 목포시 자유로 13-2,쇼핑,시장,3129
450,광양시,옥곡시장,전남 광양시 큰골1길 2-26,쇼핑,시장,3123
451,여수시,작금항,전남 여수시 돌산로 0-0,자연관광,자연경관(하천/해양),3105
452,장흥군,천관산자연휴양림,전남 장흥군 칠관로 842-1150,자연관광,자연공원,3096
453,강진군,마량놀토수산시장,전남 강진군 미항로 152-0,쇼핑,시장,3095
454,강진군,영랑생가,전남 강진군 영랑생가길 15-0,역사관광,역사유적지,3090
455,장흥군,보림사,전남 장흥군 보림사로 224-0,역사관광,종교성지,3084
456,장흥군,어북제,전남 장흥군,자연관광,자연경관(하천/해양),3080
457,영광군,불갑저수지수변공원,전남 영광군,문화관광,도시공원,3046
458,구례군,구례시장,전남 구례군 5일시장길 9-0,쇼핑,시장,3036
459,나주시,남평골프,전남 나주시 우진길 73-0,레저스포츠,육상레저스포츠,3031
460,보성군,예당역,전남 보성군,기타관광,교통시설,3024
460,목포시,삼학도,전남 목포시,자연관광,자연경관(하천/해양),3024
462,고흥군,팔영대교관광안내소,전남 고흥군,기타관광,기타관광,3023
463,완도군,산양진항,전남 완도군 노화서로 563-49,자연관광,자연경관(하천/해양),3007
464,목포시,서해지방해양경찰청숙영관,전남 목포시 고하대로597번길 99-33,레저스포츠,육상레저스포츠,2995
465,신안군,태평염전,전남 신안군 지도증도로 1083-4,자연관광,자연경관(하천/해양),2991
466,영광군,계마항,전남 영광군 계마길 61-0,자연관광,자연경관(하천/해양),2980
466,신안군,가룡항,전남 신안군,기타관광,교통시설,2980
468,장흥군,소등섬,전남 장흥군,자연관광,자연경관(하천/해양),2941
469,곡성군,곡성버스터미널,전남 곡성군 군청로 6-0,기타관광,교통시설,2937
470,완도군,완도타워모노레일,전남 완도군 장보고대로 332-0,기타관광,기타관광,2914
471,무안군,도원선착장,전남 무안군 운해로 0-0,기타관광,교통시설,2913
472,여수시,여천항,전남 여수시 여천금이길 11-9,자연관광,자연경관(하천/해양),2906
473,곡성군,태안사,전남 곡성군 태안로 622-215,역사관광,종교성지,2903
474,해남군,명량해상케이블카진도대교광장하부승강장,전남 해남군 관광레저로 12-20,기타관광,기타관광,2892
475,여수시,여수국가산업단지전망대,전남 여수시,문화관광,랜드마크관광,2886
476,목포시,노을공원,전남 목포시,문화관광,도시공원,2880
477,완도군,장보고기념관,전남 완도군 청해진로 1455-0,문화관광,전시시설,2874
478,고흥군,우두항,전남 고흥군,자연관광,자연경관(하천/해양),2872
479,무안군,도리포,전남 무안군 만송로 0-0,자연관광,자연경관(하천/해양),2869
480,고흥군,능가사,전남 고흥군 팔봉길 21-0,역사관광,종교성지,2851
481,완도군,동고리해수욕장,전남 완도군,자연관광,자연경관(하천/해양),2831
482,무안군,신월선착장,전남 무안군 신월로 558-26,기타관광,교통시설,2829
483,순천시,순천도축장,전남 순천시 홍내교길 106-0,쇼핑,시장,2819
484,여수시,소경도대합실,전남 여수시 어항단지로 18-5,자연관광,자연경관(하천/해양),2809
485,여수시,테디베어뮤지엄여수,전남 여수시 안심산길 155-0,문화관광,전시시설,2787
485,영암군,월출산,전남 영암군,자연관광,자연경관(산),2787
487,담양군,담양댐인증센터,전남 담양군 금성산성길 293-0,레저스포츠,기타레저스포츠,2767
488,나주시,중흥골드스파리조트워터락,전남 나주시 나주호로 558-314,체험관광,웰니스관광,2760
489,고흥군,거금도,전남 고흥군,자연관광,자연경관(하천/해양),2749
490,해남군,해남우수영여객선임시터미널,전남 해남군 우수영안길 96-0,기타관광,교통시설,2745
491,고흥군,애도,전남 고흥군,자연관광,자연경관(하천/해양),2736
492,장성군,황룡전통시장,전남 장성군 삼월길 5-0,쇼핑,시장,2718
493,곡성군,섬진강레일바이크,전남 곡성군 섬진강로 1465-0,기타관광,기타관광,2715
494,보성군,득량역추억의거리,전남 보성군,문화관광,테마공원,2710
495,신안군,우전해수욕장,전남 신안군,자연관광,자연경관(하천/해양),2704
496,여수시,월전항,전남 여수시,자연관광,자연경관(하천/해양),2696
497,여수시,여수엑스포항,전남 여수시,자연관광,자연경관(하천/해양),2690
498,목포시,목포원예농협농산물공판장,전남 목포시 영산로 575-0,쇼핑,시장,2689
499,나주시,국립나주숲체원,전남 나주시 금성산길 116-0,자연관광,자연공원,2684
499,해남군,명량해상케이블카해남 스테이션,전남 해남군 관광레저로 12-20,기타관광,기타관광,2684
